Data num,Variable Name,RockWell,Start address,Frame ID,Anybus Address,Type,Factor
1,LCK01.T,CAN4:O.Data[0].0,0,0x200,0x200:0x207,BOOL,
,LSK03.T,CAN4:O.Data[0].1,1,0x200,0x200:0x207,BOOL,
,LMK01.T,CAN4:O.Data[0].2,2,0x200,0x200:0x207,BOOL,
,LEB01.T1,CAN4:O.Data[0].3,3,0x200,0x200:0x207,BOOL,
,LEB02.T1,CAN4:O.Data[0].4,4,0x200,0x200:0x207,BOOL,
,LEB03.T1,CAN4:O.Data[0].5,5,0x200,0x200:0x207,BOOL,
,LEZ01.T,CAN4:O.Data[0].6,6,0x200,0x200:0x207,BOOL,
,LN3.T1,CAN4:O.Data[0].7,7,0x200,0x200:0x207,BOOL,
,LT4.T1,CAN4:O.Data[0].8,8,0x200,0x200:0x207,BOOL,
,LT4.T3,CAN4:O.Data[0].9,9,0x200,0x200:0x207,BOOL,
,LT4.T4,CAN4:O.Data[0].10,10,0x200,0x200:0x207,BOOL,
,LN1.T2,CAN4:O.Data[0].11,11,0x200,0x200:0x207,BOOL,
,LN2.T2,CAN4:O.Data[0].12,12,0x200,0x200:0x207,BOOL,
,LER01.T,CAN4:O.Data[0].13,13,0x200,0x200:0x207,BOOL,
,LEK01.T,CAN4:O.Data[0].14,14,0x200,0x200:0x207,BOOL,
,LFP07.T2,CAN4:O.Data[0].15,15,0x200,0x200:0x207,BOOL,
,LFH06.T,CAN4:O.Data[0].16,16,0x200,0x200:0x207,BOOL,
,LFA01.T,CAN4:O.Data[0].17,17,0x200,0x200:0x207,BOOL,
,LLP01.T2,CAN4:O.Data[0].18,18,0x200,0x200:0x207,BOOL,
,LLP07.T2,CAN4:O.Data[0].19,19,0x200,0x200:0x207,BOOL,
,LEP02.T2,CAN4:O.Data[0].20,20,0x200,0x200:0x207,BOOL,
,LLT06.T1,CAN4:O.Data[0].21,21,0x200,0x200:0x207,BOOL,
,LGK07.T,CAN4:O.Data[0].22,22,0x200,0x200:0x207,BOOL,
,LGB01.T1,CAN4:O.Data[0].23,23,0x200,0x200:0x207,BOOL,
,LGB02.T1,CAN4:O.Data[0].24,24,0x200,0x200:0x207,BOOL,
,LGB03.T1,CAN4:O.Data[0].25,25,0x200,0x200:0x207,BOOL,
,LGB04.T1,CAN4:O.Data[0].26,26,0x200,0x200:0x207,BOOL,
,LGT01.T1,CAN4:O.Data[0].27,27,0x200,0x200:0x207,BOOL,
,LGT02.T1,CAN4:O.Data[0].28,28,0x200,0x200:0x207,BOOL,
,LGT03.T1,CAN4:O.Data[0].29,29,0x200,0x200:0x207,BOOL,
,LGT04.T1,CAN4:O.Data[0].30,30,0x200,0x200:0x207,BOOL,
,LGT07.T1,CAN4:O.Data[0].31,31,0x200,0x200:0x207,BOOL,
2,LGT08.T1,CAN4:O.Data[1].32,32,0x200,0x200:0x207,BOOL,
,LGT09.T1,CAN4:O.Data[1].33,33,0x200,0x200:0x207,BOOL,
,LGT10.T1,CAN4:O.Data[1].34,34,0x200,0x200:0x207,BOOL,
,LGT11.T1,CAN4:O.Data[1].35,35,0x200,0x200:0x207,BOOL,
,LGT12.T1,CAN4:O.Data[1].36,36,0x200,0x200:0x207,BOOL,
,LGT13.T1,CAN4:O.Data[1].37,37,0x200,0x200:0x207,BOOL,
,LGT14.T1,CAN4:O.Data[1].38,38,0x200,0x200:0x207,BOOL,
,LGT15.T1,CAN4:O.Data[1].39,39,0x200,0x200:0x207,BOOL,
,LGT16.T1,CAN4:O.Data[1].40,40,0x200,0x200:0x207,BOOL,
,LGT17.T1,CAN4:O.Data[1].41,41,0x200,0x200:0x207,BOOL,
,LGT18.T1,CAN4:O.Data[1].42,42,0x200,0x200:0x207,BOOL,
,LGT19.T1,CAN4:O.Data[1].43,43,0x200,0x200:0x207,BOOL,
,LGT20.T1,CAN4:O.Data[1].44,44,0x200,0x200:0x207,BOOL,
,LGT21.T1,CAN4:O.Data[1].45,45,0x200,0x200:0x207,BOOL,
,LGT22.T1,CAN4:O.Data[1].46,46,0x200,0x200:0x207,BOOL,
,LGT23.T1,CAN4:O.Data[1].47,47,0x200,0x200:0x207,BOOL,
,LGT24.T1,CAN4:O.Data[1].48,48,0x200,0x200:0x207,BOOL,
,LGT25.T1,CAN4:O.Data[1].49,49,0x200,0x200:0x207,BOOL,
,LGT26.T1,CAN4:O.Data[1].50,50,0x200,0x200:0x207,BOOL,
,LGT27.T1,CAN4:O.Data[1].51,51,0x200,0x200:0x207,BOOL,
,LGT28.T1,CAN4:O.Data[1].52,52,0x200,0x200:0x207,BOOL,
,LGT29.T1,CAN4:O.Data[1].53,53,0x200,0x200:0x207,BOOL,
,LGT30.T1,CAN4:O.Data[1].54,54,0x200,0x200:0x207,BOOL,
,LGT31.T1,CAN4:O.Data[1].55,55,0x200,0x200:0x207,BOOL,
,LGT32.T1,CAN4:O.Data[1].56,56,0x200,0x200:0x207,BOOL,
,LGT33.T1,CAN4:O.Data[1].57,57,0x200,0x200:0x207,BOOL,
,LGT34.T1,CAN4:O.Data[1].58,58,0x200,0x200:0x207,BOOL,
,LGT35.T1,CAN4:O.Data[1].59,59,0x200,0x200:0x207,BOOL,
,LGT36.T1,CAN4:O.Data[1].60,60,0x200,0x200:0x207,BOOL,
,LGT37.T1,CAN4:O.Data[1].61,61,0x200,0x200:0x207,BOOL,
,LGT38.T1,CAN4:O.Data[1].62,62,0x200,0x200:0x207,BOOL,
,LGT39.T1,CAN4:O.Data[1].63,63,0x200,0x200:0x207,BOOL,
3,ET220,CAN4:O.Data[2].0,0,0x208,0x208:0x20F,REAL,0.1
,ET230,CAN4:O.Data[2].16,16,0x208,0x208:0x20F,REAL,0.1
4,Reserved,Reserved,32,0x208,0x208:0x20F,Reserved,
,Reserved,,48,0x208,0x208:0x20F,Reserved,
5,Reserved,Reserved,0,0x210,0x210:0x217,Reserved,
,Reserved,,16,0x210,0x210:0x217,Reserved,
6,Reserved,Reserved,32,0x210,0x210:0x217,Reserved,
,Reserved,,48,0x210,0x210:0x217,Reserved,
7,Reserved,Reserved,0,0x218,0x218:0x21F,Reserved,
,Reserved,,16,0x218,0x218:0x21F,Reserved,
8,Reserved,Reserved,32,0x218,0x218:0x21F,Reserved,
,Reserved,,48,0x218,0x218:0x21F,Reserved,
9,Reserved,Reserved,0,0x220,0x220:0x227,Reserved,
,Reserved,,16,0x220,0x220:0x227,Reserved,
10,Reserved,Reserved,32,0x220,0x220:0x227,Reserved,
,Reserved,,48,0x220,0x220:0x227,Reserved,
11,BE010,CAN4:O.Data[10].0,0,0x228,0x228:0x22F,BOOL,
,BE016IO,CAN4:O.Data[10].1,1,0x228,0x228:0x22F,BOOL,
,BL010,CAN4:O.Data[10].2,2,0x228,0x228:0x22F,BOOL,
,BL020,CAN4:O.Data[10].3,3,0x228,0x228:0x22F,BOOL,
,BL030,CAN4:O.Data[10].4,4,0x228,0x228:0x22F,BOOL,
,BM012,CAN4:O.Data[10].5,5,0x228,0x228:0x22F,BOOL,
,BM014,CAN4:O.Data[10].6,6,0x228,0x228:0x22F,BOOL,
,BM016IO,CAN4:O.Data[10].7,7,0x228,0x228:0x22F,BOOL,
,BM017IO,CAN4:O.Data[10].8,8,0x228,0x228:0x22F,BOOL,
,BM022,CAN4:O.Data[10].9,9,0x228,0x228:0x22F,BOOL,
,BM024,CAN4:O.Data[10].10,10,0x228,0x228:0x22F,BOOL,
,BM026IO,CAN4:O.Data[10].11,11,0x228,0x228:0x22F,BOOL,
,BM027IO,CAN4:O.Data[10].12,12,0x228,0x228:0x22F,BOOL,
,BM032,CAN4:O.Data[10].13,13,0x228,0x228:0x22F,BOOL,
,BM034,CAN4:O.Data[10].14,14,0x228,0x228:0x22F,BOOL,
,BM036IO,CAN4:O.Data[10].15,15,0x228,0x228:0x22F,BOOL,
,BM037IO,CAN4:O.Data[10].16,16,0x228,0x228:0x22F,BOOL,
,BP030,CAN4:O.Data[10].17,17,0x228,0x228:0x22F,BOOL,
,BP040,CAN4:O.Data[10].18,18,0x228,0x228:0x22F,BOOL,
,BP050,CAN4:O.Data[10].19,19,0x228,0x228:0x22F,BOOL,
,CK010IO,CAN4:O.Data[10].20,20,0x228,0x228:0x22F,BOOL,
,CK020IO,CAN4:O.Data[10].21,21,0x228,0x228:0x22F,BOOL,
,CK030IO,CAN4:O.Data[10].22,22,0x228,0x228:0x22F,BOOL,
,CK040,CAN4:O.Data[10].23,23,0x228,0x228:0x22F,BOOL,
,CK050,CAN4:O.Data[10].24,24,0x228,0x228:0x22F,BOOL,
,CK070,CAN4:O.Data[10].25,25,0x228,0x228:0x22F,BOOL,
,CK080,CAN4:O.Data[10].26,26,0x228,0x228:0x22F,BOOL,
,CK090,CAN4:O.Data[10].27,27,0x228,0x228:0x22F,BOOL,
,CK100,CAN4:O.Data[10].28,28,0x228,0x228:0x22F,BOOL,
,CK110,CAN4:O.Data[10].29,29,0x228,0x228:0x22F,BOOL,
,CK120,CAN4:O.Data[10].30,30,0x228,0x228:0x22F,BOOL,
,CK130,CAN4:O.Data[10].31,31,0x228,0x228:0x22F,BOOL,
12,CK150,CAN4:O.Data[11].32,32,0x228,0x228:0x22F,BOOL,
,CK160,CAN4:O.Data[11].33,33,0x228,0x228:0x22F,BOOL,
,CK170IO,CAN4:O.Data[11].34,34,0x228,0x228:0x22F,BOOL,
,CK180,CAN4:O.Data[11].35,35,0x228,0x228:0x22F,BOOL,
,CK190,CAN4:O.Data[11].36,36,0x228,0x228:0x22F,BOOL,
,CK200,CAN4:O.Data[11].37,37,0x228,0x228:0x22F,BOOL,
,CK210,CAN4:O.Data[11].38,38,0x228,0x228:0x22F,BOOL,
,CK220,CAN4:O.Data[11].39,39,0x228,0x228:0x22F,BOOL,
,CK230,CAN4:O.Data[11].40,40,0x228,0x228:0x22F,BOOL,
,CK240,CAN4:O.Data[11].41,41,0x228,0x228:0x22F,BOOL,
,CK250,CAN4:O.Data[11].42,42,0x228,0x228:0x22F,BOOL,
,CK260,CAN4:O.Data[11].43,43,0x228,0x228:0x22F,BOOL,
,CK270,CAN4:O.Data[11].44,44,0x228,0x228:0x22F,BOOL,
,CK280,CAN4:O.Data[11].45,45,0x228,0x228:0x22F,BOOL,
,CK290,CAN4:O.Data[11].46,46,0x228,0x228:0x22F,BOOL,
,CK300,CAN4:O.Data[11].47,47,0x228,0x228:0x22F,BOOL,
,CK310,CAN4:O.Data[11].48,48,0x228,0x228:0x22F,BOOL,
,CK320,CAN4:O.Data[11].49,49,0x228,0x228:0x22F,BOOL,
,CK330,CAN4:O.Data[11].50,50,0x228,0x228:0x22F,BOOL,
,CK340,CAN4:O.Data[11].51,51,0x228,0x228:0x22F,BOOL,
,CK350,CAN4:O.Data[11].52,52,0x228,0x228:0x22F,BOOL,
,CK370,CAN4:O.Data[11].53,53,0x228,0x228:0x22F,BOOL,
,DK010,CAN4:O.Data[11].54,54,0x228,0x228:0x22F,BOOL,
,DK030,CAN4:O.Data[11].55,55,0x228,0x228:0x22F,BOOL,
,EE016IO,CAN4:O.Data[11].56,56,0x228,0x228:0x22F,BOOL,
,EE020,CAN4:O.Data[11].57,57,0x228,0x228:0x22F,BOOL,
,EE026IO,CAN4:O.Data[11].58,58,0x228,0x228:0x22F,BOOL,
,EK010,CAN4:O.Data[11].59,59,0x228,0x228:0x22F,BOOL,
,EK020,CAN4:O.Data[11].60,60,0x228,0x228:0x22F,BOOL,
,ER010,CAN4:O.Data[11].61,61,0x228,0x228:0x22F,BOOL,
,ER016IO,CAN4:O.Data[11].62,62,0x228,0x228:0x22F,BOOL,
,ER017IO,CAN4:O.Data[11].63,63,0x228,0x228:0x22F,BOOL,
13,ER110,CAN4:O.Data[12].0,0,0x230,0x230:0x237,BOOL,
,ER130,CAN4:O.Data[12].1,1,0x230,0x230:0x237,BOOL,
,ER210,CAN4:O.Data[12].2,2,0x230,0x230:0x237,BOOL,
,ER230,CAN4:O.Data[12].3,3,0x230,0x230:0x237,BOOL,
,ER310,CAN4:O.Data[12].4,4,0x230,0x230:0x237,BOOL,
,ER330,CAN4:O.Data[12].5,5,0x230,0x230:0x237,BOOL,
,EZ010,CAN4:O.Data[12].6,6,0x230,0x230:0x237,BOOL,
,EZ011,CAN4:O.Data[12].7,7,0x230,0x230:0x237,BOOL,
,EZ016IO,CAN4:O.Data[12].8,8,0x230,0x230:0x237,BOOL,
,FA012,CAN4:O.Data[12].9,9,0x230,0x230:0x237,BOOL,
,FH016IO,CAN4:O.Data[12].10,10,0x230,0x230:0x237,BOOL,
,FH026IO,CAN4:O.Data[12].11,11,0x230,0x230:0x237,BOOL,
,FH060,CAN4:O.Data[12].12,12,0x230,0x230:0x237,BOOL,
,FH061,CAN4:O.Data[12].13,13,0x230,0x230:0x237,BOOL,
,FH066IO,CAN4:O.Data[12].14,14,0x230,0x230:0x237,BOOL,
,FH067IO,CAN4:O.Data[12].15,15,0x230,0x230:0x237,BOOL,
,FH070,CAN4:O.Data[12].16,16,0x230,0x230:0x237,BOOL,
,FH071,CAN4:O.Data[12].17,17,0x230,0x230:0x237,BOOL,
,FH076IO,CAN4:O.Data[12].18,18,0x230,0x230:0x237,BOOL,
,FH077IO,CAN4:O.Data[12].19,19,0x230,0x230:0x237,BOOL,
,FK040,CAN4:O.Data[12].20,20,0x230,0x230:0x237,BOOL,
,FK050,CAN4:O.Data[12].21,21,0x230,0x230:0x237,BOOL,
,FK060,CAN4:O.Data[12].22,22,0x230,0x230:0x237,BOOL,
,FK070,CAN4:O.Data[12].23,23,0x230,0x230:0x237,BOOL,
,FK080,CAN4:O.Data[12].24,24,0x230,0x230:0x237,BOOL,
,FK090,CAN4:O.Data[12].25,25,0x230,0x230:0x237,BOOL,
,FM014,CAN4:O.Data[12].26,26,0x230,0x230:0x237,BOOL,
,FM016IO,CAN4:O.Data[12].27,27,0x230,0x230:0x237,BOOL,
,FM017IO,CAN4:O.Data[12].28,28,0x230,0x230:0x237,BOOL,
,FM024,CAN4:O.Data[12].29,29,0x230,0x230:0x237,BOOL,
,GE050,CAN4:O.Data[12].30,30,0x230,0x230:0x237,BOOL,
,GE056IO,CAN4:O.Data[12].31,31,0x230,0x230:0x237,BOOL,
14,GK016IO,CAN4:O.Data[13].32,32,0x230,0x230:0x237,BOOL,
,GK026IO,CAN4:O.Data[13].33,33,0x230,0x230:0x237,BOOL,
,GK036IO,CAN4:O.Data[13].34,34,0x230,0x230:0x237,BOOL,
,GK060,CAN4:O.Data[13].35,35,0x230,0x230:0x237,BOOL,
,GK070,CAN4:O.Data[13].36,36,0x230,0x230:0x237,BOOL,
,GK090,CAN4:O.Data[13].37,37,0x230,0x230:0x237,BOOL,
,GK100,CAN4:O.Data[13].38,38,0x230,0x230:0x237,BOOL,
,GK110,CAN4:O.Data[13].39,39,0x230,0x230:0x237,BOOL,
,GK120,CAN4:O.Data[13].40,40,0x230,0x230:0x237,BOOL,
,GT230,CAN4:O.Data[13].41,41,0x230,0x230:0x237,BOOL,
,GT240,CAN4:O.Data[13].42,42,0x230,0x230:0x237,BOOL,
,GT430,CAN4:O.Data[13].43,43,0x230,0x230:0x237,BOOL,
,GY010,CAN4:O.Data[13].44,44,0x230,0x230:0x237,BOOL,
,GY020,CAN4:O.Data[13].45,45,0x230,0x230:0x237,BOOL,
,LADDO,CAN4:O.Data[13].46,46,0x230,0x230:0x237,BOOL,
,LAM,CAN4:O.Data[13].47,47,0x230,0x230:0x237,BOOL,
,LAMPO,CAN4:O.Data[13].48,48,0x230,0x230:0x237,BOOL,
,LBA,CAN4:O.Data[13].49,49,0x230,0x230:0x237,BOOL,
,LBSO,CAN4:O.Data[13].50,50,0x230,0x230:0x237,BOOL,
,LCCO,CAN4:O.Data[13].51,51,0x230,0x230:0x237,BOOL,
,LDKO,CAN4:O.Data[13].52,52,0x230,0x230:0x237,BOOL,
,LE010,CAN4:O.Data[13].53,53,0x230,0x230:0x237,BOOL,
,LE016IO,CAN4:O.Data[13].54,54,0x230,0x230:0x237,BOOL,
,LFALE,CAN4:O.Data[13].55,55,0x230,0x230:0x237,BOOL,
,LFIRE,CAN4:O.Data[13].56,56,0x230,0x230:0x237,BOOL,
,LFLAMEO,CAN4:O.Data[13].57,57,0x230,0x230:0x237,BOOL,
,LH010,CAN4:O.Data[13].58,58,0x230,0x230:0x237,BOOL,
,LH011,CAN4:O.Data[13].59,59,0x230,0x230:0x237,BOOL,
,LH016IO,CAN4:O.Data[13].60,60,0x230,0x230:0x237,BOOL,
,LH017IO,CAN4:O.Data[13].61,61,0x230,0x230:0x237,BOOL,
,LIDLO,CAN4:O.Data[13].62,62,0x230,0x230:0x237,BOOL,
,Limt,CAN4:O.Data[13].63,63,0x230,0x230:0x237,BOOL,
15,LL010,CAN4:O.Data[14].0,0,0x238,0x238:0x23F,BOOL,
,LL020,CAN4:O.Data[14].1,1,0x238,0x238:0x23F,BOOL,
,LM014,CAN4:O.Data[14].2,2,0x238,0x238:0x23F,BOOL,
,LM016IO,CAN4:O.Data[14].3,3,0x238,0x238:0x23F,BOOL,
,LM017IO,CAN4:O.Data[14].4,4,0x238,0x238:0x23F,BOOL,
,LM024,CAN4:O.Data[14].5,5,0x238,0x238:0x23F,BOOL,
,LM026IO,CAN4:O.Data[14].6,6,0x238,0x238:0x23F,BOOL,
,LM027IO,CAN4:O.Data[14].7,7,0x238,0x238:0x23F,BOOL,
,LM032,CAN4:O.Data[14].8,8,0x238,0x238:0x23F,BOOL,
,LM034,CAN4:O.Data[14].9,9,0x238,0x238:0x23F,BOOL,
,Reserved,CAN4:O.Data[14].10,10,0x238,0x238:0x23F,BOOL,
,LMA,CAN4:O.Data[14].11,11,0x238,0x238:0x23F,BOOL,
,LMT,CAN4:O.Data[14].12,12,0x238,0x238:0x23F,BOOL,
,LMT1,CAN4:O.Data[14].13,13,0x238,0x238:0x23F,BOOL,
,LMT2,CAN4:O.Data[14].14,14,0x238,0x238:0x23F,BOOL,
,LNFGO,CAN4:O.Data[14].15,15,0x238,0x238:0x23F,BOOL,
,LNSO,CAN4:O.Data[14].16,16,0x238,0x238:0x23F,BOOL,
,LOILEO,CAN4:O.Data[14].17,17,0x238,0x238:0x23F,BOOL,
,LOPENIO,CAN4:O.Data[14].18,18,0x238,0x238:0x23F,BOOL,
,LP010,CAN4:O.Data[14].19,19,0x238,0x238:0x23F,BOOL,
,LP020,CAN4:O.Data[14].20,20,0x238,0x238:0x23F,BOOL,
,LP030,CAN4:O.Data[14].21,21,0x238,0x238:0x23F,BOOL,
,LP040,CAN4:O.Data[14].22,22,0x238,0x238:0x23F,BOOL,
,LP070,CAN4:O.Data[14].23,23,0x238,0x238:0x23F,BOOL,
,LP080,CAN4:O.Data[14].24,24,0x238,0x238:0x23F,BOOL,
,LP090,CAN4:O.Data[14].25,25,0x238,0x238:0x23F,BOOL,
,LP210,CAN4:O.Data[14].26,26,0x238,0x238:0x23F,BOOL,
,LREDO,CAN4:O.Data[14].27,27,0x238,0x238:0x23F,BOOL,
,Lreglt,CAN4:O.Data[14].28,28,0x238,0x238:0x23F,BOOL,
,LS010,CAN4:O.Data[14].29,29,0x238,0x238:0x23F,BOOL,
,LS020,CAN4:O.Data[14].30,30,0x238,0x238:0x23F,BOOL,
,LS030,CAN4:O.Data[14].31,31,0x238,0x238:0x23F,BOOL,
16,LS040,CAN4:O.Data[15].32,32,0x238,0x238:0x23F,BOOL,
,LS050,CAN4:O.Data[15].33,33,0x238,0x238:0x23F,BOOL,
,LS060,CAN4:O.Data[15].34,34,0x238,0x238:0x23F,BOOL,
,LS016IO,CAN4:O.Data[15].35,35,0x238,0x238:0x23F,BOOL,
,LS026IO,CAN4:O.Data[15].36,36,0x238,0x238:0x23F,BOOL,
,LS036IO,CAN4:O.Data[15].37,37,0x238,0x238:0x23F,BOOL,
,LS046IO,CAN4:O.Data[15].38,38,0x238,0x238:0x23F,BOOL,
,LS056IO,CAN4:O.Data[15].39,39,0x238,0x238:0x23F,BOOL,
,LS066IO,CAN4:O.Data[15].40,40,0x238,0x238:0x23F,BOOL,
,LSCRF,CAN4:O.Data[15].41,41,0x238,0x238:0x23F,BOOL,
,LSN2N3C,CAN4:O.Data[15].42,42,0x238,0x238:0x23F,BOOL,
,LSNO,CAN4:O.Data[15].43,43,0x238,0x238:0x23F,BOOL,
,LSTO,CAN4:O.Data[15].44,44,0x238,0x238:0x23F,BOOL,
,LTCO,CAN4:O.Data[15].45,45,0x238,0x238:0x23F,BOOL,
,LTPNO,CAN4:O.Data[15].46,46,0x238,0x238:0x23F,BOOL,
,LTPTO,CAN4:O.Data[15].47,47,0x238,0x238:0x23F,BOOL,
,LTRIP,CAN4:O.Data[15].48,48,0x238,0x238:0x23F,BOOL,
,LTRIPN3,CAN4:O.Data[15].49,49,0x238,0x238:0x23F,BOOL,
,LTRIPT4,CAN4:O.Data[15].50,50,0x238,0x238:0x23F,BOOL,
,LV012,CAN4:O.Data[15].51,51,0x238,0x238:0x23F,BOOL,
,LV014,CAN4:O.Data[15].52,52,0x238,0x238:0x23F,BOOL,
,LV016IO,CAN4:O.Data[15].53,53,0x238,0x238:0x23F,BOOL,
,MK010,CAN4:O.Data[15].54,54,0x238,0x238:0x23F,BOOL,
,N2Control,CAN4:O.Data[15].55,55,0x238,0x238:0x23F,BOOL,
,N3control,CAN4:O.Data[15].56,56,0x238,0x238:0x23F,BOOL,
,PH016IO,CAN4:O.Data[15].57,57,0x238,0x238:0x23F,BOOL,
,PH026IO,CAN4:O.Data[15].58,58,0x238,0x238:0x23F,BOOL,
,PH036IO,CAN4:O.Data[15].59,59,0x238,0x238:0x23F,BOOL,
,PH046IO,CAN4:O.Data[15].60,60,0x238,0x238:0x23F,BOOL,
,PH056IO,CAN4:O.Data[15].61,61,0x238,0x238:0x23F,BOOL,
,PH066IO,CAN4:O.Data[15].62,62,0x238,0x238:0x23F,BOOL,
,PH076IO,CAN4:O.Data[15].63,63,0x238,0x238:0x23F,BOOL,
17,PH086IO,CAN4:O.Data[16].0,0,0x240,0x240:0x247,BOOL,
,PK010,CAN4:O.Data[16].1,1,0x240,0x240:0x247,BOOL,
,PK020,CAN4:O.Data[16].2,2,0x240,0x240:0x247,BOOL,
,PP030,CAN4:O.Data[16].3,3,0x240,0x240:0x247,BOOL,
,PP040,CAN4:O.Data[16].4,4,0x240,0x240:0x247,BOOL,
,QK016IO,CAN4:O.Data[16].5,5,0x240,0x240:0x247,BOOL,
,QK100,CAN4:O.Data[16].6,6,0x240,0x240:0x247,BOOL,
,QK200,CAN4:O.Data[16].7,7,0x240,0x240:0x247,BOOL,
,QK300,CAN4:O.Data[16].8,8,0x240,0x240:0x247,BOOL,
,QP010,CAN4:O.Data[16].9,9,0x240,0x240:0x247,BOOL,
,QP020,CAN4:O.Data[16].10,10,0x240,0x240:0x247,BOOL,
,SK010,CAN4:O.Data[16].11,11,0x240,0x240:0x247,BOOL,
,SK020,CAN4:O.Data[16].12,12,0x240,0x240:0x247,BOOL,
,SK030,CAN4:O.Data[16].13,13,0x240,0x240:0x247,BOOL,
,SK040,CAN4:O.Data[16].14,14,0x240,0x240:0x247,BOOL,
,SK050,CAN4:O.Data[16].15,15,0x240,0x240:0x247,BOOL,
,SK060,CAN4:O.Data[16].16,16,0x240,0x240:0x247,BOOL,
,SK070,CAN4:O.Data[16].17,17,0x240,0x240:0x247,BOOL,
,SK080,CAN4:O.Data[16].18,18,0x240,0x240:0x247,BOOL,
,SK090,CAN4:O.Data[16].19,19,0x240,0x240:0x247,BOOL,
,SK100,CAN4:O.Data[16].20,20,0x240,0x240:0x247,BOOL,
,SK110,CAN4:O.Data[16].21,21,0x240,0x240:0x247,BOOL,
,SK120,CAN4:O.Data[16].22,22,0x240,0x240:0x247,BOOL,
,SK130,CAN4:O.Data[16].23,23,0x240,0x240:0x247,BOOL,
,SK140,CAN4:O.Data[16].24,24,0x240,0x240:0x247,BOOL,
,SK216IO,CAN4:O.Data[16].25,25,0x240,0x240:0x247,BOOL,
,SK226IO,CAN4:O.Data[16].26,26,0x240,0x240:0x247,BOOL,
,SK236IO,CAN4:O.Data[16].27,27,0x240,0x240:0x247,BOOL,
,SK246IO,CAN4:O.Data[16].28,28,0x240,0x240:0x247,BOOL,
,SK256IO,CAN4:O.Data[16].29,29,0x240,0x240:0x247,BOOL,
,SK266IO,CAN4:O.Data[16].30,30,0x240,0x240:0x247,BOOL,
,SK276IO,CAN4:O.Data[16].31,31,0x240,0x240:0x247,BOOL,
18,SK286IO,CAN4:O.Data[17].32,32,0x240,0x240:0x247,BOOL,
,SK296IO,CAN4:O.Data[17].33,33,0x240,0x240:0x247,BOOL,
,SK306IO,CAN4:O.Data[17].34,34,0x240,0x240:0x247,BOOL,
,SK316IO,CAN4:O.Data[17].35,35,0x240,0x240:0x247,BOOL,
,SK326IO,CAN4:O.Data[17].36,36,0x240,0x240:0x247,BOOL,
,TK010,CAN4:O.Data[17].37,37,0x240,0x240:0x247,BOOL,
,VE012,CAN4:O.Data[17].38,38,0x240,0x240:0x247,BOOL,
,VH010,CAN4:O.Data[17].39,39,0x240,0x240:0x247,BOOL,
,VH011,CAN4:O.Data[17].40,40,0x240,0x240:0x247,BOOL,
,VH016IO,CAN4:O.Data[17].41,41,0x240,0x240:0x247,BOOL,
,VH020,CAN4:O.Data[17].42,42,0x240,0x240:0x247,BOOL,
,VH021,CAN4:O.Data[17].43,43,0x240,0x240:0x247,BOOL,
,VM014,CAN4:O.Data[17].44,44,0x240,0x240:0x247,BOOL,
,VM016IO,CAN4:O.Data[17].45,45,0x240,0x240:0x247,BOOL,
,VV010,CAN4:O.Data[17].46,46,0x240,0x240:0x247,BOOL,
,WM014,CAN4:O.Data[17].47,47,0x240,0x240:0x247,BOOL,
,WM016IO,CAN4:O.Data[17].48,48,0x240,0x240:0x247,BOOL,
,WM017IO,CAN4:O.Data[17].49,49,0x240,0x240:0x247,BOOL,
,LGT40.T1,CAN4:O.Data[17].50,50,0x240,0x240:0x247,BOOL,
,LGT41.T1,CAN4:O.Data[17].51,51,0x240,0x240:0x247,BOOL,
,LGT42.T1,CAN4:O.Data[17].52,52,0x240,0x240:0x247,BOOL,
,LGT43.T1,CAN4:O.Data[17].53,53,0x240,0x240:0x247,BOOL,
,LBP01.T2,CAN4:O.Data[17].54,54,0x240,0x240:0x247,BOOL,
,LBP02.T2,CAN4:O.Data[17].55,55,0x240,0x240:0x247,BOOL,
,LBT02.T1,CAN4:O.Data[17].56,56,0x240,0x240:0x247,BOOL,
,LBT03.T1,CAN4:O.Data[17].57,57,0x240,0x240:0x247,BOOL,
,LQK20.T,CAN4:O.Data[17].58,58,0x240,0x240:0x247,BOOL,
,LEP05.T1,CAN4:O.Data[17].59,59,0x240,0x240:0x247,BOOL,
,LN1.TF,CAN4:O.Data[17].60,60,0x240,0x240:0x247,BOOL,
,LN2.TF,CAN4:O.Data[17].61,61,0x240,0x240:0x247,BOOL,
,LN3.TF,CAN4:O.Data[17].62,62,0x240,0x240:0x247,BOOL,
,LEP01.TF,CAN4:O.Data[17].63,63,0x240,0x240:0x247,BOOL,
19,BP010,CAN4:O.Data[18].0,0,0x248,0x248:0x24F,REAL,0.01
,BP020,CAN4:O.Data[18].16,16,0x248,0x248:0x24F,REAL,0.01
20,BQ010,CAN4:O.Data[19].32,32,0x248,0x248:0x24F,REAL,0.1
,BQ020,CAN4:O.Data[19].48,48,0x248,0x248:0x24F,REAL,0.1
21,BQ030,CAN4:O.Data[20].0,0,0x250,0x250:0x257,REAL,0.1
,BT010,CAN4:O.Data[20].16,16,0x250,0x250:0x257,REAL,0.1
22,BT020,CAN4:O.Data[21].32,32,0x250,0x250:0x257,REAL,0.1
,BT030,CAN4:O.Data[21].48,48,0x250,0x250:0x257,REAL,0.1
23,CoolTN2,CAN4:O.Data[22].0,0,0x258,0x258:0x25F,DINT,1
,CoolTN3,CAN4:O.Data[22].16,16,0x258,0x258:0x25F,DINT,1
24,CranTim,CAN4:O.Data[23].32,32,0x258,0x258:0x25F,DINT,1
,E3L,CAN4:O.Data[23].48,48,0x258,0x258:0x25F,DINT,1
25,E3M,CAN4:O.Data[24].0,0,0x260,0x260:0x267,DINT,1
,E3S,CAN4:O.Data[24].16,16,0x260,0x260:0x267,DINT,1
26,EB010,CAN4:O.Data[25].32,32,0x260,0x260:0x267,REAL,0.01
,EB020,CAN4:O.Data[25].48,48,0x260,0x260:0x267,REAL,0.01
27,EB030,CAN4:O.Data[26].0,0,0x268,0x268:0x26F,REAL,0.01
,EI010,CAN4:O.Data[26].16,16,0x268,0x268:0x26F,REAL,1
28,EI020,CAN4:O.Data[27].32,32,0x268,0x268:0x26F,REAL,1
,EI030,CAN4:O.Data[27].48,48,0x268,0x268:0x26F,REAL,1
29,EN110,CAN4:O.Data[28],0,0x270,0x270:0x277,DINT,1
,EN120,CAN4:O.Data[28],16,0x270,0x270:0x277,DINT,1
30,EN210,CAN4:O.Data[29],32,0x270,0x270:0x277,DINT,1
,EN220,CAN4:O.Data[29],48,0x270,0x270:0x277,DINT,1
31,EN310,CAN4:O.Data[30],0,0x278,0x278:0x27F,DINT,1
,EN320,CAN4:O.Data[30],16,0x278,0x278:0x27F,DINT,1
32,EP01_LP10_A,CAN4:O.Data[31],32,0x278,0x278:0x27F,REAL,0.01
,EP01_LP10_L,CAN4:O.Data[31],48,0x278,0x278:0x27F,REAL,0.01
33,EP01_LP10_T,CAN4:O.Data[32],0,0x280,0x280:0x287,REAL,0.01
,EP010,CAN4:O.Data[32],16,0x280,0x280:0x287,REAL,0.01
34,EP020,CAN4:O.Data[33],32,0x280,0x280:0x287,REAL,0.01
,EP030,CAN4:O.Data[33],48,0x280,0x280:0x287,REAL,0.01
35,EP040,CAN4:O.Data[34],0,0x288,0x288:0x28F,REAL,0.01
,EP210,CAN4:O.Data[34],16,0x288,0x288:0x28F,REAL,0.01
36,T4,CAN4:O.Data[35],32,0x288,0x288:0x28F,REAL,0.1
,T4N,CAN4:O.Data[35],48,0x288,0x288:0x28F,REAL,0.1
37,ET020,CAN4:O.Data[36],0,0x290,0x290:0x297,REAL,0.1
,ET030,CAN4:O.Data[36],16,0x290,0x290:0x297,REAL,0.1
38,ET040,CAN4:O.Data[37],32,0x290,0x290:0x297,REAL,0.1
,ET050,CAN4:O.Data[37],48,0x290,0x290:0x297,REAL,0.1
39,ET060,CAN4:O.Data[38],0,0x298,0x298:0x29F,REAL,0.1
,ET070,CAN4:O.Data[38],16,0x298,0x298:0x29F,REAL,0.1
40,ET080,CAN4:O.Data[39],32,0x298,0x298:0x29F,REAL,0.1
,ET090,CAN4:O.Data[39],48,0x298,0x298:0x29F,REAL,0.1
41,ET100,CAN4:O.Data[40],0,0x2A0,0x2A0:0x2A7,REAL,0.1
,ET110,CAN4:O.Data[40],16,0x2A0,0x2A0:0x2A7,REAL,0.1
42,ET120,CAN4:O.Data[41],32,0x2A0,0x2A0:0x2A7,REAL,0.1
,ET130,CAN4:O.Data[41],48,0x2A0,0x2A0:0x2A7,REAL,0.1
43,ET140,CAN4:O.Data[42],0,0x2A8,0x2A8:0x2AF,REAL,0.1
,ET150,CAN4:O.Data[42],16,0x2A8,0x2A8:0x2AF,REAL,0.1
44,ET160,CAN4:O.Data[43],32,0x2A8,0x2A8:0x2AF,REAL,0.1
,ET170,CAN4:O.Data[43],48,0x2A8,0x2A8:0x2AF,REAL,0.1
45,ET180,CAN4:O.Data[44],0,0x2B0,0x2B0:0x2B7,REAL,0.1
,ET190,CAN4:O.Data[44],16,0x2B0,0x2B0:0x2B7,REAL,0.1
46,ET210,CAN4:O.Data[45],32,0x2B0,0x2B0:0x2B7,REAL,0.1
,ET310,CAN4:O.Data[45],48,0x2B0,0x2B0:0x2B7,REAL,0.1
47,FA010,CAN4:O.Data[46],0,0x2B8,0x2B8:0x2BF,REAL,0.01
,FA016,CAN4:O.Data[46],16,0x2B8,0x2B8:0x2BF,REAL,0.01
48,EP050,CAN4:O.Data[47],32,0x2B8,0x2B8:0x2BF,REAL ,0.01
,EP060,CAN4:O.Data[47],48,0x2B8,0x2B8:0x2BF,REAL ,0.01
49,EF010,CAN4:O.Data[48],0,0x2C0,0x2C0:0x2C7,REAL ,0.01
,EF020,CAN4:O.Data[48],16,0x2C0,0x2C0:0x2C7,REAL ,0.01
50,FP050,CAN4:O.Data[49],32,0x2C0,0x2C0:0x2C7,REAL,0.01
,FP060,CAN4:O.Data[49],48,0x2C0,0x2C0:0x2C7,REAL,0.01
51,FP070,CAN4:O.Data[50],0,0x2C8,0x2C8:0x2CF,REAL,0.01
,FP080,CAN4:O.Data[50],16,0x2C8,0x2C8:0x2CF,REAL,0.01
52,FP090,CAN4:O.Data[51],32,0x2C8,0x2C8:0x2CF,REAL,0.01
,FP100,CAN4:O.Data[51],48,0x2C8,0x2C8:0x2CF,REAL,0.01
53,FP110,CAN4:O.Data[52],0,0x2D0,0x2D0:0x2D7,REAL,0.01
,FQ010,CAN4:O.Data[52],16,0x2D0,0x2D0:0x2D7,REAL,1
54,FQ020,CAN4:O.Data[53],32,0x2D0,0x2D0:0x2D7,REAL,0.1
,FT010,CAN4:O.Data[53],48,0x2D0,0x2D0:0x2D7,REAL,0.1
55,G_SET,CAN4:O.Data[54],0,0x2D8,0x2D8:0x2DF,REAL,1
,GB010,CAN4:O.Data[54],16,0x2D8,0x2D8:0x2DF,REAL,0.01
56,GB020,CAN4:O.Data[55],32,0x2D8,0x2D8:0x2DF,REAL,0.01
,GB030,CAN4:O.Data[55],48,0x2D8,0x2D8:0x2DF,REAL,0.01
57,GB040,CAN4:O.Data[56],0,0x2E0,0x2E0:0x2E7,REAL,0.01
,GP010,CAN4:O.Data[56],16,0x2E0,0x2E0:0x2E7,REAL,0.01
58,Gt,CAN4:O.Data[57],32,0x2E0,0x2E0:0x2E7,REAL,1
,GtOUT,CAN4:O.Data[57],48,0x2E0,0x2E0:0x2E7,REAL,1
59,GT010,CAN4:O.Data[58],0,0x2E8,0x2E8:0x2EF,REAL,0.1
,GT020,CAN4:O.Data[58],16,0x2E8,0x2E8:0x2EF,REAL,0.1
60,GT030,CAN4:O.Data[59],32,0x2E8,0x2E8:0x2EF,REAL,0.1
,GT040,CAN4:O.Data[59],48,0x2E8,0x2E8:0x2EF,REAL,0.1
61,GT050,CAN4:O.Data[60],0,0x2F0,0x2F0:0x2F7,REAL,0.1
,GT060,,16,0x2F0,0x2F0:0x2F7,REAL,0.1
62,GT070,CAN4:O.Data[61],32,0x2F0,0x2F0:0x2F7,REAL,0.1
,GT080,CAN4:O.Data[61],48,0x2F0,0x2F0:0x2F7,REAL,0.1
63,GT090,CAN4:O.Data[62],0,0x2F8,0x2F8:0x2FF,REAL,0.1
,GT100,,16,0x2F8,0x2F8:0x2FF,REAL,0.1
64,GT110,CAN4:O.Data[63],32,0x2F8,0x2F8:0x2FF,REAL,0.1
,GT120,,48,0x2F8,0x2F8:0x2FF,REAL,0.1
65,GT130,CAN4:O.Data[64],0,0x300,0x300:0x307,REAL,0.1
,GT140,,16,0x300,0x300:0x307,REAL,0.1
66,GT150,CAN4:O.Data[65],32,0x300,0x300:0x307,REAL,0.1
,GT160,,48,0x300,0x300:0x307,REAL,0.1
67,GT170,CAN4:O.Data[66],0,0x308,0x308:0x30F,REAL,0.1
,GT180,,16,0x308,0x308:0x30F,REAL,0.1
68,GT190,CAN4:O.Data[67],32,0x308,0x308:0x30F,REAL,0.1
,GT200,,48,0x308,0x308:0x30F,REAL,0.1
69,GT210,CAN4:O.Data[68],0,0x310,0x310:0x317,REAL,0.1
,GT220,,16,0x310,0x310:0x317,REAL,0.1
70,GT300,CAN4:O.Data[69],32,0x310,0x310:0x317,REAL,0.1
,GT310,,48,0x310,0x310:0x317,REAL,0.1
71,GT320,CAN4:O.Data[70],0,0x318,0x318:0x31F,REAL,0.1
,GT330,,16,0x318,0x318:0x31F,REAL,0.1
72,GT340,CAN4:O.Data[71],32,0x318,0x318:0x31F,REAL,0.1
,GT350,,48,0x318,0x318:0x31F,REAL,0.1
73,GT360,CAN4:O.Data[72],0,0x320,0x320:0x327,REAL,0.1
,GT370,,16,0x320,0x320:0x327,REAL,0.1
74,GT380,CAN4:O.Data[73],32,0x320,0x320:0x327,REAL,0.1
,GT390,,48,0x320,0x320:0x327,REAL,0.1
75,GT400,CAN4:O.Data[74],0,0x328,0x328:0x32F,REAL,0.1
,GT410,,16,0x328,0x328:0x32F,REAL,0.1
76,GT420,CAN4:O.Data[75],32,0x328,0x328:0x32F,REAL,0.1
,GtXlimt,,48,0x328,0x328:0x32F,REAL,0.1
77,GtNlimt,CAN4:O.Data[76],0,0x330,0x330:0x337,REAL,1
,GtN2,,16,0x330,0x330:0x337,REAL,1
78,GtN3,CAN4:O.Data[77],32,0x330,0x330:0x337,REAL,1
,GtT4,,48,0x330,0x330:0x337,REAL,1
79,GtStart,CAN4:O.Data[78],0,0x338,0x338:0x33F,REAL,1
,GTW,,16,0x338,0x338:0x33F,REAL,1
80,GW010,CAN4:O.Data[79],32,0x338,0x338:0x33F,REAL,1
,InertN1,,48,0x338,0x338:0x33F,DINT,1
81,InertN2,CAN4:O.Data[80],0,0x340,0x340:0x347,DINT,1
,InertN3,,16,0x340,0x340:0x347,DINT,1
82,KpN3,CAN4:O.Data[81],32,0x340,0x340:0x347,REAL,0.1
,KiN3,,48,0x340,0x340:0x347,REAL,0.1
83,KdN3,CAN4:O.Data[82],0,0x348,0x348:0x34F,REAL,0.1
,KpN2,,16,0x348,0x348:0x34F,REAL,0.1
84,KiN2,CAN4:O.Data[83],32,0x348,0x348:0x34F,REAL,0.1
,KEN110,,48,0x348,0x348:0x34F,DINT,1
85,KEN120,CAN4:O.Data[84],0,0x350,0x350:0x357,DINT,1
,KEN210,,16,0x350,0x350:0x357,DINT,1
86,KEN220,CAN4:O.Data[85],32,0x350,0x350:0x357,DINT,1
,KEN310,,48,0x350,0x350:0x357,DINT,1
87,KEN320,CAN4:O.Data[86],0,0x358,0x358:0x35F,DINT,1
,LP050,,16,0x358,0x358:0x35F,REAL,0.01
88,LP060,CAN4:O.Data[87],32,0x358,0x358:0x35F,REAL,0.01
,LP100,,48,0x358,0x358:0x35F,REAL,0.01
89,LT010,CAN4:O.Data[88],0,0x360,0x360:0x367,REAL,0.1
,LT020,,16,0x360,0x360:0x367,REAL,0.1
90,LT030,CAN4:O.Data[89],32,0x360,0x360:0x367,REAL,0.1
,LT040,,48,0x360,0x360:0x367,REAL,0.1
91,LT050,CAN4:O.Data[90],0,0x368,0x368:0x36F,REAL,0.1
,LT060,,16,0x368,0x368:0x36F,REAL,0.1
92,MODE,CAN4:O.Data[91],32,0x368,0x368:0x36F,DINT,1
,N1,,48,0x368,0x368:0x36F,DINT,1
93,N2,CAN4:O.Data[92],0,0x370,0x370:0x377,DINT,1
,N2CV1,,16,0x370,0x370:0x377,DINT,1
94,N2CV2,CAN4:O.Data[93],32,0x370,0x370:0x377,DINT,1
,N2limt,,48,0x370,0x370:0x377,DINT,1
95,N2SP1,CAN4:O.Data[94],0,0x378,0x378:0x37F,DINT,1
,N3,,16,0x378,0x378:0x37F,DINT,1
96,N3_CAL,CAN4:O.Data[95],32,0x378,0x378:0x37F,DINT,1
,N3SP1,,48,0x378,0x378:0x37F,DINT,1
97,N3Trip,CAN4:O.Data[96],0,0x380,0x380:0x387,DINT,1
,PP010,,16,0x380,0x380:0x387,REAL,0.01
98,PP020,CAN4:O.Data[97],32,0x380,0x380:0x387,REAL,0.01
,SI010,,48,0x380,0x380:0x387,DINT,1
99,SN016IO,CAN4:O.Data[98],0,0x388,0x388:0x38F,DINT,1
,StarTim,,16,0x388,0x388:0x38F,DINT,1
100,Startinc,CAN4:O.Data[99],32,0x388,0x388:0x38F,REAL,1
,STATE,,48,0x388,0x388:0x38F,DINT,1
101,StateD,CAN4:O.Data[100],0,0x390,0x390:0x397,DINT,1
,SV010,,16,0x391,0x390:0x397,DINT,1
102,T1,CAN4:O.Data[101],32,0x392,0x390:0x397,REAL,0.1
,T4Limt,,48,0x393,0x390:0x397,REAL,0.1
103,ET240,CAN4:O.Data[102],0,0x398,0x398:0x39F,REAL,0.1
,FS016,,16,0x398,0x398:0x39F,REAL,0.1
104,T4Trip,CAN4:O.Data[103],32,0x398,0x398:0x39F,REAL,0.1
,TimeRun_Hou.ACC,,48,0x398,0x398:0x39F,DINT,0.1
105,TimeRun_HouA.ACC,CAN4:O.Data[104],0,0x3A0,0x3A0:0x3A7,DINT,1
,TimeRunH_Hou,,16,0x3A0,0x3A0:0x3A7,DINT,1
106,TimeRunL_Hou,CAN4:O.Data[105],32,0x3A0,0x3A0:0x3A7,DINT,1
,TimRunE,,48,0x3A0,0x3A0:0x3A7,REAL,1
107,VP010,CAN4:O.Data[106],0,0x3A8,0x3A8:0x3AF,REAL,0.01
,VP020,,16,0x3A8,0x3A8:0x3AF,REAL,0.01
108,VT010,CAN4:O.Data[107],32,0x3A8,0x3A8:0x3AF,REAL,0.1
,VT020,,48,0x3A8,0x3A8:0x3AF,REAL,0.1
109,VT030,CAN4:O.Data[108],0,0x3B0,0x3B0:0x3B7,REAL,0.1
,WarmTN2,,16,0x3B0,0x3B0:0x3B7,DINT,0.1
110,WarmTN3,CAN4:O.Data[109],32,0x3B0,0x3B0:0x3B7,DINT,1
,WP010,,48,0x3B0,0x3B0:0x3B7,REAL,0.01
111,WT010,CAN4:O.Data[110],0,0x3B8,0x3B8:0x3BF,REAL,0.1
,WT020,,16,0x3B8,0x3B8:0x3BF,REAL,0.1
112,WT030,CAN4:O.Data[111],32,0x3B8,0x3B8:0x3BF,REAL,0.1
,WT040,,48,0x3B8,0x3B8:0x3BF,REAL,0.1
113,WT050,CAN4:O.Data[112],0,0x3C0,0x3C0:0x3C7,REAL,0.1
,WT060,,16,0x3C0,0x3C0:0x3C7,REAL,0.1
114,WT070,CAN4:O.Data[113],32,0x3C0,0x3C0:0x3C7,REAL,0.1
,Reserved,,48,0x3C0,0x3C0:0x3C7,Reserved,
115,LT4.A1,CAN4:O.Data[114].0,0,0x3C8,0x3C8:0x3CF,BOOL,
,LEP05.A1,CAN4:O.Data[114].1,1,0x3C8,0x3C8:0x3CF,BOOL,
,LT1.A1,CAN4:O.Data[114].2,2,0x3C8,0x3C8:0x3CF,BOOL,
,LT1.A2,CAN4:O.Data[114].3,3,0x3C8,0x3C8:0x3CF,BOOL,
,LET02.A1,CAN4:O.Data[114].4,4,0x3C8,0x3C8:0x3CF,BOOL,
,LET03.A1,CAN4:O.Data[114].5,5,0x3C8,0x3C8:0x3CF,BOOL,
,LET04.A1,CAN4:O.Data[114].6,6,0x3C8,0x3C8:0x3CF,BOOL,
,LET05.A1,CAN4:O.Data[114].7,7,0x3C8,0x3C8:0x3CF,BOOL,
,LET06.A1,CAN4:O.Data[114].8,8,0x3C8,0x3C8:0x3CF,BOOL,
,LET07.A1,CAN4:O.Data[114].9,9,0x3C8,0x3C8:0x3CF,BOOL,
,LET08.A1,CAN4:O.Data[114].10,10,0x3C8,0x3C8:0x3CF,BOOL,
,LET09.A1,CAN4:O.Data[114].11,11,0x3C8,0x3C8:0x3CF,BOOL,
,LET10.A1,CAN4:O.Data[114].12,12,0x3C8,0x3C8:0x3CF,BOOL,
,LET11.A1,CAN4:O.Data[114].13,13,0x3C8,0x3C8:0x3CF,BOOL,
,LET12.A1,CAN4:O.Data[114].14,14,0x3C8,0x3C8:0x3CF,BOOL,
,LET13.A1,CAN4:O.Data[114].15,15,0x3C8,0x3C8:0x3CF,BOOL,
,LET14.A1,CAN4:O.Data[114].16,16,0x3C8,0x3C8:0x3CF,BOOL,
,LET15.A1,CAN4:O.Data[114].17,17,0x3C8,0x3C8:0x3CF,BOOL,
,LET16.A1,CAN4:O.Data[114].18,18,0x3C8,0x3C8:0x3CF,BOOL,
,LET17.A1,CAN4:O.Data[114].19,19,0x3C8,0x3C8:0x3CF,BOOL,
,LET02.A2,CAN4:O.Data[114].20,20,0x3C8,0x3C8:0x3CF,BOOL,
,LET03.A2,CAN4:O.Data[114].21,21,0x3C8,0x3C8:0x3CF,BOOL,
,LET04.A2,CAN4:O.Data[114].22,22,0x3C8,0x3C8:0x3CF,BOOL,
,LET05.A2,CAN4:O.Data[114].23,23,0x3C8,0x3C8:0x3CF,BOOL,
,LET06.A2,CAN4:O.Data[114].24,24,0x3C8,0x3C8:0x3CF,BOOL,
,LET07.A2,CAN4:O.Data[114].25,25,0x3C8,0x3C8:0x3CF,BOOL,
,LET08.A2,CAN4:O.Data[114].26,26,0x3C8,0x3C8:0x3CF,BOOL,
,LET09.A2,CAN4:O.Data[114].27,27,0x3C8,0x3C8:0x3CF,BOOL,
,LET10.A2,CAN4:O.Data[114].28,28,0x3C8,0x3C8:0x3CF,BOOL,
,LET11.A2,CAN4:O.Data[114].29,29,0x3C8,0x3C8:0x3CF,BOOL,
,LET12.A2,CAN4:O.Data[114].30,30,0x3C8,0x3C8:0x3CF,BOOL,
,LET13.A2,CAN4:O.Data[114].31,31,0x3C8,0x3C8:0x3CF,BOOL,
116,LET14.A2,CAN4:O.Data[115].0,32,0x3C8,0x3C8:0x3CF,BOOL,
,LET15.A2,CAN4:O.Data[115].1,33,0x3C8,0x3C8:0x3CF,BOOL,
,LET16.A2,CAN4:O.Data[115].2,34,0x3C8,0x3C8:0x3CF,BOOL,
,LET17.A2,CAN4:O.Data[115].3,35,0x3C8,0x3C8:0x3CF,BOOL,
,LEB01.A1,CAN4:O.Data[115].4,36,0x3C8,0x3C8:0x3CF,BOOL,
,LEB02.A1,CAN4:O.Data[115].5,37,0x3C8,0x3C8:0x3CF,BOOL,
,LEB03.A1,CAN4:O.Data[115].6,38,0x3C8,0x3C8:0x3CF,BOOL,
,LEK01.A,CAN4:O.Data[115].7,39,0x3C8,0x3C8:0x3CF,BOOL,
,LEK02.A,CAN4:O.Data[115].8,40,0x3C8,0x3C8:0x3CF,BOOL,
,LER01.A,CAN4:O.Data[115].9,41,0x3C8,0x3C8:0x3CF,BOOL,
,LFP07.A2,CAN4:O.Data[115].10,42,0x3C8,0x3C8:0x3CF,BOOL,
,LPP01.A2,CAN4:O.Data[115].11,43,0x3C8,0x3C8:0x3CF,BOOL,
,Reserved,CAN4:O.Data[115].12,44,0x3C8,0x3C8:0x3CF,BOOL,
,LFP04.A1,CAN4:O.Data[115].13,45,0x3C8,0x3C8:0x3CF,BOOL,
,LFH06.A1,CAN4:O.Data[115].14,46,0x3C8,0x3C8:0x3CF,BOOL,
,LFH06.A2,CAN4:O.Data[115].15,47,0x3C8,0x3C8:0x3CF,BOOL,
,LFT01.A1,CAN4:O.Data[115].16,48,0x3C8,0x3C8:0x3CF,BOOL,
,LFT01.A2,CAN4:O.Data[115].17,49,0x3C8,0x3C8:0x3CF,BOOL,
,LVT01.A1,CAN4:O.Data[115].18,50,0x3C8,0x3C8:0x3CF,BOOL,
,LVT02.A1,CAN4:O.Data[115].19,51,0x3C8,0x3C8:0x3CF,BOOL,
,LVM01.A1,CAN4:O.Data[115].20,52,0x3C8,0x3C8:0x3CF,BOOL,
,LVM01.A2,CAN4:O.Data[115].21,53,0x3C8,0x3C8:0x3CF,BOOL,
,LVH01.A1,CAN4:O.Data[115].22,54,0x3C8,0x3C8:0x3CF,BOOL,
,LVH01.A2,CAN4:O.Data[115].23,55,0x3C8,0x3C8:0x3CF,BOOL,
,LLP03.A1,CAN4:O.Data[115].24,56,0x3C8,0x3C8:0x3CF,BOOL,
,LLP04.A1,CAN4:O.Data[115].25,57,0x3C8,0x3C8:0x3CF,BOOL,
,LLP05.A2,CAN4:O.Data[115].26,58,0x3C8,0x3C8:0x3CF,BOOL,
,LLP07.A1,CAN4:O.Data[115].27,59,0x3C8,0x3C8:0x3CF,BOOL,
,LEP02.A2,CAN4:O.Data[115].28,60,0x3C8,0x3C8:0x3CF,BOOL,
,LLT01.A1,CAN4:O.Data[115].29,61,0x3C8,0x3C8:0x3CF,BOOL,
,LLT01.A2,CAN4:O.Data[115].30,62,0x3C8,0x3C8:0x3CF,BOOL,
,LLT02.A1,CAN4:O.Data[115].31,63,0x3C8,0x3C8:0x3CF,BOOL,
117,LLT02.A2,CAN4:O.Data[116].0,0,0x3D0,0x3D0:0x3D7,BOOL,
,LLT03.A1,CAN4:O.Data[116].1,1,0x3D0,0x3D0:0x3D7,BOOL,
,LLT03.A2,CAN4:O.Data[116].2,2,0x3D0,0x3D0:0x3D7,BOOL,
,LLT04.A1,CAN4:O.Data[116].3,3,0x3D0,0x3D0:0x3D7,BOOL,
,LLT04.A2,CAN4:O.Data[116].4,4,0x3D0,0x3D0:0x3D7,BOOL,
,LLT05.A1,CAN4:O.Data[116].5,5,0x3D0,0x3D0:0x3D7,BOOL,
,LLT05.A2,CAN4:O.Data[116].6,6,0x3D0,0x3D0:0x3D7,BOOL,
,LLT06.A1,CAN4:O.Data[116].7,7,0x3D0,0x3D0:0x3D7,BOOL,
,LLT06.A2,CAN4:O.Data[116].8,8,0x3D0,0x3D0:0x3D7,BOOL,
,LLL01.A2,CAN4:O.Data[116].9,9,0x3D0,0x3D0:0x3D7,BOOL,
,LLL02.A2,CAN4:O.Data[116].10,10,0x3D0,0x3D0:0x3D7,BOOL,
,LLS01.A,CAN4:O.Data[116].11,11,0x3D0,0x3D0:0x3D7,BOOL,
,LLS02.A,CAN4:O.Data[116].12,12,0x3D0,0x3D0:0x3D7,BOOL,
,LLS03.A,CAN4:O.Data[116].13,13,0x3D0,0x3D0:0x3D7,BOOL,
,LLS04.A,CAN4:O.Data[116].14,14,0x3D0,0x3D0:0x3D7,BOOL,
,LLS05.A,CAN4:O.Data[116].15,15,0x3D0,0x3D0:0x3D7,BOOL,
,LLS06.A,CAN4:O.Data[116].16,16,0x3D0,0x3D0:0x3D7,BOOL,
,LLE01.A1,CAN4:O.Data[116].17,17,0x3D0,0x3D0:0x3D7,BOOL,
,LLE01.A2,CAN4:O.Data[116].18,18,0x3D0,0x3D0:0x3D7,BOOL,
,LLM01.A1,CAN4:O.Data[116].19,19,0x3D0,0x3D0:0x3D7,BOOL,
,LLM01.A2,CAN4:O.Data[116].20,20,0x3D0,0x3D0:0x3D7,BOOL,
,LLM02.A1,CAN4:O.Data[116].21,21,0x3D0,0x3D0:0x3D7,BOOL,
,LLM02.A2,CAN4:O.Data[116].22,22,0x3D0,0x3D0:0x3D7,BOOL,
,LLM03.A,CAN4:O.Data[116].23,23,0x3D0,0x3D0:0x3D7,BOOL,
,LLM03.A1,CAN4:O.Data[116].24,24,0x3D0,0x3D0:0x3D7,BOOL,
,LLM03.A2,CAN4:O.Data[116].25,25,0x3D0,0x3D0:0x3D7,BOOL,
,LLV01.A,CAN4:O.Data[116].26,26,0x3D0,0x3D0:0x3D7,BOOL,
,LLV01.A1,CAN4:O.Data[116].27,27,0x3D0,0x3D0:0x3D7,BOOL,
,LLV01.A2,CAN4:O.Data[116].28,28,0x3D0,0x3D0:0x3D7,BOOL,
,Reserved,CAN4:O.Data[116].29,29,0x3D0,0x3D0:0x3D7,BOOL,
,LFH07.A1,CAN4:O.Data[116].30,30,0x3D0,0x3D0:0x3D7,BOOL,
,LFH07.A2,CAN4:O.Data[116].31,31,0x3D0,0x3D0:0x3D7,BOOL,
118,LPP05.A,CAN4:O.Data[117].0,32,0x3D0,0x3D0:0x3D7,BOOL,
,LPK01.A1,CAN4:O.Data[117].1,33,0x3D0,0x3D0:0x3D7,BOOL,
,LPK01.A2,CAN4:O.Data[117].2,34,0x3D0,0x3D0:0x3D7,BOOL,
,LPK02.A1,CAN4:O.Data[117].3,35,0x3D0,0x3D0:0x3D7,BOOL,
,LPK02.A2,CAN4:O.Data[117].4,36,0x3D0,0x3D0:0x3D7,BOOL,
,LGB01.A1,CAN4:O.Data[117].5,37,0x3D0,0x3D0:0x3D7,BOOL,
,LGB02.A1,CAN4:O.Data[117].6,38,0x3D0,0x3D0:0x3D7,BOOL,
,LGB03.A1,CAN4:O.Data[117].7,39,0x3D0,0x3D0:0x3D7,BOOL,
,LGB04.A1,CAN4:O.Data[117].8,40,0x3D0,0x3D0:0x3D7,BOOL,
,LGT01.A1,CAN4:O.Data[117].9,41,0x3D0,0x3D0:0x3D7,BOOL,
,LGT02.A1,CAN4:O.Data[117].10,42,0x3D0,0x3D0:0x3D7,BOOL,
,LGT03.A1,CAN4:O.Data[117].11,43,0x3D0,0x3D0:0x3D7,BOOL,
,LGT04.A1,CAN4:O.Data[117].12,44,0x3D0,0x3D0:0x3D7,BOOL,
,LGT05.A1,CAN4:O.Data[117].13,45,0x3D0,0x3D0:0x3D7,BOOL,
,LGT06.A1,CAN4:O.Data[117].14,46,0x3D0,0x3D0:0x3D7,BOOL,
,LGT07.A1,CAN4:O.Data[117].15,47,0x3D0,0x3D0:0x3D7,BOOL,
,LGT08.A1,CAN4:O.Data[117].16,48,0x3D0,0x3D0:0x3D7,BOOL,
,LGT09.A1,CAN4:O.Data[117].17,49,0x3D0,0x3D0:0x3D7,BOOL,
,LGT10.A1,CAN4:O.Data[117].18,50,0x3D0,0x3D0:0x3D7,BOOL,
,LGT11.A1,CAN4:O.Data[117].19,51,0x3D0,0x3D0:0x3D7,BOOL,
,LGT12.A1,CAN4:O.Data[117].20,52,0x3D0,0x3D0:0x3D7,BOOL,
,LGT13.A1,CAN4:O.Data[117].21,53,0x3D0,0x3D0:0x3D7,BOOL,
,LGT14.A1,CAN4:O.Data[117].22,54,0x3D0,0x3D0:0x3D7,BOOL,
,LGT15.A1,CAN4:O.Data[117].23,55,0x3D0,0x3D0:0x3D7,BOOL,
,LGT16.A1,CAN4:O.Data[117].24,56,0x3D0,0x3D0:0x3D7,BOOL,
,LGT17.A1,CAN4:O.Data[117].25,57,0x3D0,0x3D0:0x3D7,BOOL,
,LGT18.A1,CAN4:O.Data[117].26,58,0x3D0,0x3D0:0x3D7,BOOL,
,LGT19.A1,CAN4:O.Data[117].27,59,0x3D0,0x3D0:0x3D7,BOOL,
,LGT20.A1,CAN4:O.Data[117].28,60,0x3D0,0x3D0:0x3D7,BOOL,
,LGT21.A1,CAN4:O.Data[117].29,61,0x3D0,0x3D0:0x3D7,BOOL,
,LGT22.A1,CAN4:O.Data[117].30,62,0x3D0,0x3D0:0x3D7,BOOL,
,LGT23.A1,CAN4:O.Data[117].31,63,0x3D0,0x3D0:0x3D7,BOOL,
119,LGT30.A1,CAN4:O.Data[118].0,0,0x3D8,0x3D8:0x3DF,BOOL,
,LGT31.A1,CAN4:O.Data[118].1,1,0x3D8,0x3D8:0x3DF,BOOL,
,LGT32.A1,CAN4:O.Data[118].2,2,0x3D8,0x3D8:0x3DF,BOOL,
,LGT33.A1,CAN4:O.Data[118].3,3,0x3D8,0x3D8:0x3DF,BOOL,
,LGT34.A1,CAN4:O.Data[118].4,4,0x3D8,0x3D8:0x3DF,BOOL,
,LGT35.A1,CAN4:O.Data[118].5,5,0x3D8,0x3D8:0x3DF,BOOL,
,LGT36.A1,CAN4:O.Data[118].6,6,0x3D8,0x3D8:0x3DF,BOOL,
,LGT37.A1,CAN4:O.Data[118].7,7,0x3D8,0x3D8:0x3DF,BOOL,
,LGT38.A1,CAN4:O.Data[118].8,8,0x3D8,0x3D8:0x3DF,BOOL,
,LGT39.A1,CAN4:O.Data[118].9,9,0x3D8,0x3D8:0x3DF,BOOL,
,LGT40.A1,CAN4:O.Data[118].10,10,0x3D8,0x3D8:0x3DF,BOOL,
,LGT41.A1,CAN4:O.Data[118].11,11,0x3D8,0x3D8:0x3DF,BOOL,
,LGT42.A1,CAN4:O.Data[118].12,12,0x3D8,0x3D8:0x3DF,BOOL,
,LGT43.A1,CAN4:O.Data[118].13,13,0x3D8,0x3D8:0x3DF,BOOL,
,LGK09.A,CAN4:O.Data[118].14,14,0x3D8,0x3D8:0x3DF,BOOL,
,LGK10.A,CAN4:O.Data[118].15,15,0x3D8,0x3D8:0x3DF,BOOL,
,LGK11.A,CAN4:O.Data[118].16,16,0x3D8,0x3D8:0x3DF,BOOL,
,LGK12.A,CAN4:O.Data[118].17,17,0x3D8,0x3D8:0x3DF,BOOL,
,LGY01.A,CAN4:O.Data[118].18,18,0x3D8,0x3D8:0x3DF,BOOL,
,LGY02.A,CAN4:O.Data[118].19,19,0x3D8,0x3D8:0x3DF,BOOL,
,LGE05.A1,CAN4:O.Data[118].20,20,0x3D8,0x3D8:0x3DF,BOOL,
,LGE05.A2,CAN4:O.Data[118].21,21,0x3D8,0x3D8:0x3DF,BOOL,
,LBP01.A2,CAN4:O.Data[118].22,22,0x3D8,0x3D8:0x3DF,BOOL,
,LBP02.A2,CAN4:O.Data[118].23,23,0x3D8,0x3D8:0x3DF,BOOL,
,LBP03.A2,CAN4:O.Data[118].24,24,0x3D8,0x3D8:0x3DF,BOOL,
,LBP05.A1,CAN4:O.Data[118].25,25,0x3D8,0x3D8:0x3DF,BOOL,
,LBL01.A2,CAN4:O.Data[118].26,26,0x3D8,0x3D8:0x3DF,BOOL,
,LBL02.A2,CAN4:O.Data[118].27,27,0x3D8,0x3D8:0x3DF,BOOL,
,LBL03.A1,CAN4:O.Data[118].28,28,0x3D8,0x3D8:0x3DF,BOOL,
,LBT01.A1,CAN4:O.Data[118].29,29,0x3D8,0x3D8:0x3DF,BOOL,
,LBT02.A1,CAN4:O.Data[118].30,30,0x3D8,0x3D8:0x3DF,BOOL,
,LBT03.A1,CAN4:O.Data[118].31,31,0x3D8,0x3D8:0x3DF,BOOL,
120,LBE01.A1,CAN4:O.Data[119].0,32,0x3D8,0x3D8:0x3DF,BOOL,
,LBE01.A2,CAN4:O.Data[119].1,33,0x3D8,0x3D8:0x3DF,BOOL,
,LBM01.A,CAN4:O.Data[119].2,34,0x3D8,0x3D8:0x3DF,BOOL,
,LBM01.A1,CAN4:O.Data[119].3,35,0x3D8,0x3D8:0x3DF,BOOL,
,LBM01.A2,CAN4:O.Data[119].4,36,0x3D8,0x3D8:0x3DF,BOOL,
,LBM02.A,CAN4:O.Data[119].5,37,0x3D8,0x3D8:0x3DF,BOOL,
,LBM02.A1,CAN4:O.Data[119].6,38,0x3D8,0x3D8:0x3DF,BOOL,
,LBM02.A2,CAN4:O.Data[119].7,39,0x3D8,0x3D8:0x3DF,BOOL,
,LBM03.A,CAN4:O.Data[119].8,40,0x3D8,0x3D8:0x3DF,BOOL,
,LBM03.A1,CAN4:O.Data[119].9,41,0x3D8,0x3D8:0x3DF,BOOL,
,LBM03.A2,CAN4:O.Data[119].10,42,0x3D8,0x3D8:0x3DF,BOOL,
,LBP02.A2,CAN4:O.Data[119].11,43,0x3D8,0x3D8:0x3DF,BOOL,
,LQK10.A,CAN4:O.Data[119].12,44,0x3D8,0x3D8:0x3DF,BOOL,
,LQK30.A,CAN4:O.Data[119].13,45,0x3D8,0x3D8:0x3DF,BOOL,
,LQP01.A,CAN4:O.Data[119].14,46,0x3D8,0x3D8:0x3DF,BOOL,
,LDK01.A,CAN4:O.Data[119].15,47,0x3D8,0x3D8:0x3DF,BOOL,
,LDK03.A,CAN4:O.Data[119].16,48,0x3D8,0x3D8:0x3DF,BOOL,
,LLSCRF.A,CAN4:O.Data[119].17,49,0x3D8,0x3D8:0x3DF,BOOL,
,LEK01.F,CAN4:O.Data[119].18,50,0x3D8,0x3D8:0x3DF,BOOL,
,LLregltN2.A,CAN4:O.Data[119].19,51,0x3D8,0x3D8:0x3DF,BOOL,
,LLregltT4.A,CAN4:O.Data[119].20,52,0x3D8,0x3D8:0x3DF,BOOL,
,LLregltGtX.A,CAN4:O.Data[119].21,53,0x3D8,0x3D8:0x3DF,BOOL,
,LLregltGtN.A,CAN4:O.Data[119].22,54,0x3D8,0x3D8:0x3DF,BOOL,
,ControlNet_A.A,CAN4:O.Data[119].23,55,0x3D8,0x3D8:0x3DF,BOOL,
,ControlNet_B.A,CAN4:O.Data[119].24,56,0x3D8,0x3D8:0x3DF,BOOL,
,LLH01.A1,CAN4:O.Data[119].25,57,0x3D8,0x3D8:0x3DF,BOOL,
,LLH01.A2,CAN4:O.Data[119].26,58,0x3D8,0x3D8:0x3DF,BOOL,
,LBQ01.A2,CAN4:O.Data[119].27,59,0x3D8,0x3D8:0x3DF,BOOL,
,LBQ02.A2,CAN4:O.Data[119].28,60,0x3D8,0x3D8:0x3DF,BOOL,
,LBQ03.A2,CAN4:O.Data[119].29,61,0x3D8,0x3D8:0x3DF,BOOL,
,LFM01.A1,CAN4:O.Data[119].30,62,0x3D8,0x3D8:0x3DF,BOOL,
,LFM01.A2,CAN4:O.Data[119].31,63,0x3D8,0x3D8:0x3DF,BOOL,
121,LVH020.A,CAN4:O.Data[120].0,0,0x3E0,0x3E0:0x3E7,BOOL,
,LVH021.A,CAN4:O.Data[120].1,1,0x3E0,0x3E0:0x3E7,BOOL,
,LVE012.A,CAN4:O.Data[120].2,2,0x3E0,0x3E0:0x3E7,BOOL,
,LBT01.L2,CAN4:O.Data[120].3,3,0x3E0,0x3E0:0x3E7,BOOL,
,LBT02.L2,CAN4:O.Data[120].4,4,0x3E0,0x3E0:0x3E7,BOOL,
,LEB01.A,CAN4:O.Data[120].5,5,0x3E0,0x3E0:0x3E7,BOOL,
,LGB01.A,CAN4:O.Data[120].6,6,0x3E0,0x3E0:0x3E7,BOOL,
,LLP10.L2,CAN4:O.Data[120].7,7,0x3E0,0x3E0:0x3E7,BOOL,
,LLP09.L2,CAN4:O.Data[120].8,8,0x3E0,0x3E0:0x3E7,BOOL,
,LGY01.L2,CAN4:O.Data[120].9,9,0x3E0,0x3E0:0x3E7,BOOL,
,LLP08.L2,CAN4:O.Data[120].10,10,0x3E0,0x3E0:0x3E7,BOOL,
,LBT03.L2,CAN4:O.Data[120].11,11,0x3E0,0x3E0:0x3E7,BOOL,
,LEK01.L1,CAN4:O.Data[120].12,12,0x3E0,0x3E0:0x3E7,BOOL,
,LPK01.L1,CAN4:O.Data[120].13,13,0x3E0,0x3E0:0x3E7,BOOL,
,LPK02.L1,CAN4:O.Data[120].14,14,0x3E0,0x3E0:0x3E7,BOOL,
,LEK01.L2,CAN4:O.Data[120].15,15,0x3E0,0x3E0:0x3E7,BOOL,
,LPK01.L2,CAN4:O.Data[120].16,16,0x3E0,0x3E0:0x3E7,BOOL,
,LPK02.L2,CAN4:O.Data[120].17,17,0x3E0,0x3E0:0x3E7,BOOL,
,FP010,CAN4:O.Data[120].18,18,0x3E0,0x3E0:0x3E7,BOOL,
,FP020,CAN4:O.Data[120].19,19,0x3E0,0x3E0:0x3E7,BOOL,
,FP030,CAN4:O.Data[120].20,20,0x3E0,0x3E0:0x3E7,BOOL,
,FP040,CAN4:O.Data[120].21,21,0x3E0,0x3E0:0x3E7,BOOL,
,LLP06.T1,CAN4:O.Data[120].22,22,0x3E0,0x3E0:0x3E7,BOOL,
,FK016,CAN4:O.Data[120].23,23,0x3E0,0x3E0:0x3E7,BOOL,
,FK026,CAN4:O.Data[120].24,24,0x3E0,0x3E0:0x3E7,BOOL,
,FK036,CAN4:O.Data[120].25,25,0x3E0,0x3E0:0x3E7,BOOL,
,PP050,CAN4:O.Data[120].26,26,0x3E0,0x3E0:0x3E7,BOOL,
,LM036,CAN4:O.Data[120].27,27,0x3E0,0x3E0:0x3E7,BOOL,
,Reserved,CAN4:O.Data[120].28,28,0x3E0,0x3E0:0x3E7,BOOL,
,Reserved,CAN4:O.Data[120].29,29,0x3E0,0x3E0:0x3E7,BOOL,
,Reserved,CAN4:O.Data[120].30,30,0x3E0,0x3E0:0x3E7,BOOL,
,Reserved,CAN4:O.Data[120].31,31,0x3E0,0x3E0:0x3E7,BOOL,
122,LEZ01.L2,CAN4:O.Data[121].0,32,0x3E0,0x3E0:0x3E7,BOOL,
,LFP07.L2,CAN4:O.Data[121].1,33,0x3E0,0x3E0:0x3E7,BOOL,
,LT4.L2,CAN4:O.Data[121].2,34,0x3E0,0x3E0:0x3E7,BOOL,
,LT1.A2,CAN4:O.Data[121].3,35,0x3E0,0x3E0:0x3E7,BOOL,
,LT4.A,CAN4:O.Data[121].4,36,0x3E0,0x3E0:0x3E7,BOOL,
,LEB01.L2,CAN4:O.Data[121].5,37,0x3E0,0x3E0:0x3E7,BOOL,
,LEB02.L2,CAN4:O.Data[121].6,38,0x3E0,0x3E0:0x3E7,BOOL,
,LEB03.L2,CAN4:O.Data[121].7,39,0x3E0,0x3E0:0x3E7,BOOL,
,LEP05.L2,CAN4:O.Data[121].8,40,0x3E0,0x3E0:0x3E7,BOOL,
,LN1.L2,CAN4:O.Data[121].9,41,0x3E0,0x3E0:0x3E7,BOOL,
,LEP02.L2,CAN4:O.Data[121].10,42,0x3E0,0x3E0:0x3E7,BOOL,
,LLT02.L2,CAN4:O.Data[121].11,43,0x3E0,0x3E0:0x3E7,BOOL,
,LLT03.L2,CAN4:O.Data[121].12,44,0x3E0,0x3E0:0x3E7,BOOL,
,LLT04.L2,CAN4:O.Data[121].13,45,0x3E0,0x3E0:0x3E7,BOOL,
,LLT05.L2,CAN4:O.Data[121].14,46,0x3E0,0x3E0:0x3E7,BOOL,
,LLT06.L2,CAN4:O.Data[121].15,47,0x3E0,0x3E0:0x3E7,BOOL,
,LFK07.L2,CAN4:O.Data[121].16,48,0x3E0,0x3E0:0x3E7,BOOL,
,LGB01.L2,CAN4:O.Data[121].17,49,0x3E0,0x3E0:0x3E7,BOOL,
,LGB02.L2,CAN4:O.Data[121].18,50,0x3E0,0x3E0:0x3E7,BOOL,
,LGB03.L2,CAN4:O.Data[121].19,51,0x3E0,0x3E0:0x3E7,BOOL,
,LGB04.L2,CAN4:O.Data[121].20,52,0x3E0,0x3E0:0x3E7,BOOL,
,LGT01.L2,CAN4:O.Data[121].21,53,0x3E0,0x3E0:0x3E7,BOOL,
,LGT02.L2,CAN4:O.Data[121].22,54,0x3E0,0x3E0:0x3E7,BOOL,
,LGT03.L2,CAN4:O.Data[121].23,55,0x3E0,0x3E0:0x3E7,BOOL,
,LGT04.L2,CAN4:O.Data[121].24,56,0x3E0,0x3E0:0x3E7,BOOL,
,LGT05.L2,CAN4:O.Data[121].25,57,0x3E0,0x3E0:0x3E7,BOOL,
,LGT06.L2,CAN4:O.Data[121].26,58,0x3E0,0x3E0:0x3E7,BOOL,
,LGT07.L2,CAN4:O.Data[121].27,59,0x3E0,0x3E0:0x3E7,BOOL,
,LGT08.L2,CAN4:O.Data[121].28,60,0x3E0,0x3E0:0x3E7,BOOL,
,LGT09.L2,CAN4:O.Data[121].29,61,0x3E0,0x3E0:0x3E7,BOOL,
,LGT10.L2,CAN4:O.Data[121].30,62,0x3E0,0x3E0:0x3E7,BOOL,
,LGT11.L2,CAN4:O.Data[121].31,63,0x3E0,0x3E0:0x3E7,BOOL,
123,LGT12.L2,CAN4:O.Data[122].0,0,0x3E8,0x3E8:0x3EF,BOOL,
,LGT13.L2,CAN4:O.Data[122].1,1,0x3E8,0x3E8:0x3EF,BOOL,
,LGT14.L2,CAN4:O.Data[122].2,2,0x3E8,0x3E8:0x3EF,BOOL,
,LGT15.L2,CAN4:O.Data[122].3,3,0x3E8,0x3E8:0x3EF,BOOL,
,LGT16.L2,CAN4:O.Data[122].4,4,0x3E8,0x3E8:0x3EF,BOOL,
,LGT17.L2,CAN4:O.Data[122].5,5,0x3E8,0x3E8:0x3EF,BOOL,
,LGT18.L2,CAN4:O.Data[122].6,6,0x3E8,0x3E8:0x3EF,BOOL,
,LGT19.L2,CAN4:O.Data[122].7,7,0x3E8,0x3E8:0x3EF,BOOL,
,LGT20.L2,CAN4:O.Data[122].8,8,0x3E8,0x3E8:0x3EF,BOOL,
,LGT21.L2,CAN4:O.Data[122].9,9,0x3E8,0x3E8:0x3EF,BOOL,
,LGT22.L2,CAN4:O.Data[122].10,10,0x3E8,0x3E8:0x3EF,BOOL,
,LGT23.L2,CAN4:O.Data[122].11,11,0x3E8,0x3E8:0x3EF,BOOL,
,LGT24.L2,CAN4:O.Data[122].12,12,0x3E8,0x3E8:0x3EF,BOOL,
,Reserved,CAN4:O.Data[122].13,13,0x3E8,0x3E8:0x3EF,BOOL,
,Reserved,CAN4:O.Data[122].14,14,0x3E8,0x3E8:0x3EF,BOOL,
,Reserved,CAN4:O.Data[122].15,15,0x3E8,0x3E8:0x3EF,BOOL,
,Reserved,CAN4:O.Data[122].16,16,0x3E8,0x3E8:0x3EF,BOOL,
,Reserved,CAN4:O.Data[122].17,17,0x3E8,0x3E8:0x3EF,BOOL,
,LGT30.L2,CAN4:O.Data[122].18,18,0x3E8,0x3E8:0x3EF,BOOL,
,LGT31.L2,CAN4:O.Data[122].19,19,0x3E8,0x3E8:0x3EF,BOOL,
,LGT32.L2,CAN4:O.Data[122].20,20,0x3E8,0x3E8:0x3EF,BOOL,
,LGT33.L2,CAN4:O.Data[122].21,21,0x3E8,0x3E8:0x3EF,BOOL,
,LGT34.L2,CAN4:O.Data[122].22,22,0x3E8,0x3E8:0x3EF,BOOL,
,LGT35.L2,CAN4:O.Data[122].23,23,0x3E8,0x3E8:0x3EF,BOOL,
,LGT36.L2,CAN4:O.Data[122].24,24,0x3E8,0x3E8:0x3EF,BOOL,
,LGT37.L2,CAN4:O.Data[122].25,25,0x3E8,0x3E8:0x3EF,BOOL,
,LGT38.L2,CAN4:O.Data[122].26,26,0x3E8,0x3E8:0x3EF,BOOL,
,LGT39.L2,CAN4:O.Data[122].27,27,0x3E8,0x3E8:0x3EF,BOOL,
,LGT40.L2,CAN4:O.Data[122].28,28,0x3E8,0x3E8:0x3EF,BOOL,
,LGT41.L2,CAN4:O.Data[122].29,29,0x3E8,0x3E8:0x3EF,BOOL,
,LGT42.L2,CAN4:O.Data[122].30,30,0x3E8,0x3E8:0x3EF,BOOL,
,LGT43.L2,CAN4:O.Data[122].31,31,0x3E8,0x3E8:0x3EF,BOOL,
124,Reserved,CAN4:O.Data[123].0,32,0x3E8,0x3E8:0x3EF,BOOL,
,Reserved,CAN4:O.Data[123].1,33,0x3E8,0x3E8:0x3EF,BOOL,
,Reserved,CAN4:O.Data[123].2,34,0x3E8,0x3E8:0x3EF,BOOL,
,Reserved,CAN4:O.Data[123].3,35,0x3E8,0x3E8:0x3EF,BOOL,
,Reserved,CAN4:O.Data[123].4,36,0x3E8,0x3E8:0x3EF,BOOL,
,Reserved,CAN4:O.Data[123].5,37,0x3E8,0x3E8:0x3EF,BOOL,
,Reserved,CAN4:O.Data[123].6,38,0x3E8,0x3E8:0x3EF,BOOL,
,Reserved,CAN4:O.Data[123].7,39,0x3E8,0x3E8:0x3EF,BOOL,
,Reserved,CAN4:O.Data[123].8,40,0x3E8,0x3E8:0x3EF,BOOL,
,Reserved,CAN4:O.Data[123].9,41,0x3E8,0x3E8:0x3EF,BOOL,
,Reserved,CAN4:O.Data[123].10,42,0x3E8,0x3E8:0x3EF,BOOL,
,Reserved,CAN4:O.Data[123].11,43,0x3E8,0x3E8:0x3EF,BOOL,
,Reserved,CAN4:O.Data[123].12,44,0x3E8,0x3E8:0x3EF,BOOL,
,Reserved,CAN4:O.Data[123].13,45,0x3E8,0x3E8:0x3EF,BOOL,
,Reserved,CAN4:O.Data[123].14,46,0x3E8,0x3E8:0x3EF,BOOL,
,Reserved,CAN4:O.Data[123].15,47,0x3E8,0x3E8:0x3EF,BOOL,
,Reserved,CAN4:O.Data[123].16,48,0x3E8,0x3E8:0x3EF,BOOL,
,Reserved,CAN4:O.Data[123].17,49,0x3E8,0x3E8:0x3EF,BOOL,
,Reserved,CAN4:O.Data[123].18,50,0x3E8,0x3E8:0x3EF,BOOL,
,Reserved,CAN4:O.Data[123].19,51,0x3E8,0x3E8:0x3EF,BOOL,
,Reserved,CAN4:O.Data[123].20,52,0x3E8,0x3E8:0x3EF,BOOL,
,Reserved,CAN4:O.Data[123].21,53,0x3E8,0x3E8:0x3EF,BOOL,
,Reserved,CAN4:O.Data[123].22,54,0x3E8,0x3E8:0x3EF,BOOL,
,Reserved,CAN4:O.Data[123].23,55,0x3E8,0x3E8:0x3EF,BOOL,
,Reserved,CAN4:O.Data[123].24,56,0x3E8,0x3E8:0x3EF,BOOL,
,Reserved,CAN4:O.Data[123].25,57,0x3E8,0x3E8:0x3EF,BOOL,
,Reserved,CAN4:O.Data[123].26,58,0x3E8,0x3E8:0x3EF,BOOL,
,Reserved,CAN4:O.Data[123].27,59,0x3E8,0x3E8:0x3EF,BOOL,
,Reserved,CAN4:O.Data[123].28,60,0x3E8,0x3E8:0x3EF,BOOL,
,Reserved,CAN4:O.Data[123].29,61,0x3E8,0x3E8:0x3EF,BOOL,
,Reserved,CAN4:O.Data[123].30,62,0x3E8,0x3E8:0x3EF,BOOL,
,Reserved,CAN4:O.Data[123].31,63,0x3E8,0x3E8:0x3EF,BOOL,
